{
	"pages": [ //pages数组中第一项表示应用启动页，参考：https://uniapp.dcloud.io/collocation/pages

		{
			"path": "pages/login/login",
			"style": {
				"navigationBarTitleText": "欢迎使用TEAMS系统",
				"enablePullDownRefresh": false
			}

		},
		{
			"path": "pages/demo/demo",
			"style": {
				"navigationBarTitleText": "",
				"enablePullDownRefresh": false
			}

		},
		{
			"path": "pages/index/index",
			"style": {
				"navigationBarTitleText": "首页"
			}
		}


		, {
			"path": "pages/register/register",
			"style": {
				"navigationBarTitleText": "新用户注册",
				"enablePullDownRefresh": false
			}

		}, {
			"path": "pages/meeting_list/meeting_list",
			"style": {
				"navigationBarTitleText": "",
				"enablePullDownRefresh": false
			}

		}, {
			"path": "pages/document/document",
			"style": {
				"navigationBarTitleText": "",
				"enablePullDownRefresh": false
			}

		}, {
			"path": "pages/contacts/contacts",
			"style": {
				"navigationBarTitleText": "",
				"enablePullDownRefresh": false
			}

		}, {
			"path": "pages/mine/mine",
			"style": {
				"navigationBarTitleText": "",
				"enablePullDownRefresh": false
			}

		},
		{
			"path": "pages/checkin/checkin",
			"style": {
				"navigationBarTitleText": "",
				"enablePullDownRefresh": false
			}

		},
		{
			"path": "pages/checkin_result/checkin_result",
			"style": {
				"navigationBarTitleText": "",
				"enablePullDownRefresh": false
			}

		}

		, {
			"path": "pages/my_checkin/my_checkin",
			"style": {
				"navigationBarTitleText": "",
				"enablePullDownRefresh": false
			}

		}, {
			"path": "pages/message_list/message_list",
			"style": {
				"navigationBarTitleText": "消息列表",
				"enablePullDownRefresh": false
			}

		}

		, {
			"path": "pages/message/message",
			"style": {
				"navigationBarTitleText": "",
				"enablePullDownRefresh": false
			}

		},
		{
			"path": "pages/meeting/meeting",
			"style": {
				"navigationBarTitleText": "会议详情",
				"enablePullDownRefresh": false
			}
		},
		{
			"path": "pages/members/members",
			"style": {
				"navigationBarTitleText": "选择成员",
				"enablePullDownRefresh": false
			}
		}

	],
	"globalStyle": {
		"navigationBarTextStyle": "white",
		"navigationBarTitleText": "TEAMS系统",
		"navigationBarBackgroundColor": "#3474FF",
		"backgroundColor": "#EEEEF4"
	},
	"tabBar": {
		"color": "#666",
		"selectedColor": "#3474FF",
		"list": [{
				"text": "首页",
				"pagePath": "pages/index/index",
				"iconPath": "static/bar-1.png",
				"selectedIconPath": "static/bar-1-active.png"
			},
			{
				"text": "会议",
				"pagePath": "pages/meeting_list/meeting_list",
				"iconPath": "static/bar-2.png",
				"selectedIconPath": "static/bar-2-active.png"
			},
			{
				"text": "文档",
				"pagePath": "pages/document/document",
				"iconPath": "static/bar-3.png",
				"selectedIconPath": "static/bar-3-active.png"
			},
			{
				"text": "通讯录",
				"pagePath": "pages/contacts/contacts",
				"iconPath": "static/bar-4.png",
				"selectedIconPath": "static/bar-4-active.png"
			},
			{
				"text": "我的",
				"pagePath": "pages/mine/mine",
				"iconPath": "static/bar-5.png",
				"selectedIconPath": "static/bar-5-active.png"
			}
		]
	},
	"condition": { //模式配置，仅开发期间生效
		"current": 0, //当前激活的模式(list 的索引项)
		"list": [{
			"name": "", //模式名称
			"path": "", //启动页面，必选
			"query": "" //启动参数，在页面的onLoad函数里面得到
		}]
	}
}